Shipment_ID,Origin_City,Destination_City,Shipment_Type,Weight_kg,Distance_km,Customer_Segment,On_Time
1,Konya,İstanbul,Road,1054.93,1052.0,Individual,1
2,Bursa,Gaziantep,Road,929.03,1811.4,Corporate,0
3,Gaziantep,Bursa,Air,473.13,1785.3,Individual,1
4,Antalya,Bursa,Road,609.87,1644.8,Individual,1
5,Konya,Antalya,Road,583.49,1044.8,Corporate,0
6,Kayseri,Gaziantep,Air,1128.76,1485.7,Individual,1
7,İzmir,Antalya,Air,244.31,1050.1,Individual,0
8,Konya,Gaziantep,Road,1834.0,1745.7,Individual,0
9,Gaziantep,Kayseri,Sea,1442.71,835.4,Individual,1
10,Antalya,İstanbul,Air,805.88,1942.0,Individual,1
11,Bursa,Kayseri,Road,321.46,1868.0,Individual,1
12,Gaziantep,Samsun,Air,1764.57,1496.1,Individual,1
13,Gaziantep,Adana,Road,1648.44,594.9,Individual,1
14,İzmir,Antalya,Road,1444.83,306.7,Corporate,1
15,Adana,Gaziantep,Road,546.74,1716.7,Corporate,1
16,Antalya,Samsun,Road,807.88,372.3,Corporate,1
17,Ankara,Adana,Air,209.98,1715.8,Corporate,1
18,Gaziantep,Konya,Road,382.13,1007.0,Individual,1
19,Adana,İstanbul,Air,1567.12,842.8,Corporate,1
20,Ankara,Antalya,Air,1431.5,1811.2,Individual,1
21,Antalya,Kayseri,Road,1189.0,1227.5,Individual,0
22,İstanbul,Kayseri,Air,1791.97,1174.4,Individual,0
23,Kayseri,Bursa,Road,1168.62,1139.6,Individual,1
24,Adana,Samsun,Road,936.6,773.8,Corporate,0
25,Samsun,Konya,Air,684.04,1582.0,Corporate,1
26,İstanbul,Samsun,Road,1881.19,543.0,Individual,1
27,Kayseri,İstanbul,Road,170.02,1880.8,Corporate,1
28,İzmir,Adana,Road,1862.12,1793.3,Individual,1
29,Konya,Gaziantep,Road,1654.3,708.1,Individual,0
30,Bursa,İzmir,Road,264.21,1472.5,Individual,1
31,Samsun,Gaziantep,Road,1132.14,1167.8,Individual,1
32,İzmir,Antalya,Sea,1733.76,708.4,Corporate,1
33,Antalya,Samsun,Road,1145.76,1977.6,Corporate,1
34,İzmir,Antalya,Road,1814.86,99.2,Corporate,1
35,Konya,Samsun,Road,1886.25,542.7,Individual,1
36,Antalya,Kayseri,Road,847.66,1064.1,Corporate,1
37,Samsun,Bursa,Sea,757.74,1067.8,Individual,1
38,Konya,Samsun,Air,1872.96,1198.4,Corporate,1
39,Ankara,Antalya,Air,1351.9,1515.8,Individual,1
40,Bursa,Kayseri,Road,236.47,1265.8,Individual,1
41,Samsun,İzmir,Road,89.37,1220.5,Individual,1
42,Ankara,İzmir,Road,1131.43,154.4,Individual,1
43,Kayseri,Bursa,Air,1860.69,784.2,Individual,1
44,Samsun,İzmir,Road,1689.28,502.5,Individual,1
45,Kayseri,İstanbul,Road,1353.32,567.5,Individual,1
46,Antalya,Adana,Sea,282.54,1131.0,Individual,0
47,Ankara,İzmir,Road,512.19,439.0,Individual,1
48,Bursa,Konya,Road,1751.64,623.2,Individual,1
49,Konya,Ankara,Road,369.7,512.3,Individual,0
50,Gaziantep,Ankara,Sea,560.49,1899.6,Individual,1
51,İzmir,İstanbul,Road,263.55,1892.1,Individual,1
52,İstanbul,İzmir,Air,1353.84,1239.4,Corporate,1
53,Bursa,Adana,Air,1888.24,1852.8,Corporate,1
54,Ankara,Gaziantep,Road,541.59,1582.3,Individual,1
55,Gaziantep,Samsun,Air,953.44,1200.4,Corporate,0
56,Bursa,Konya,Road,1270.51,62.5,Corporate,1
57,Ankara,Bursa,Road,1998.94,1556.4,Corporate,1
58,Adana,İstanbul,Air,214.09,1419.9,Individual,0
59,Adana,Antalya,Air,999.65,1249.7,Individual,0
60,Kayseri,Gaziantep,Air,773.31,1532.8,Individual,1
61,Bursa,İstanbul,Road,1732.31,1050.2,Individual,1
62,Adana,İstanbul,Road,954.56,1423.0,Individual,1
63,Ankara,Adana,Road,226.4,1873.6,Individual,1
64,Kayseri,Gaziantep,Road,1270.68,782.8,Corporate,1
65,Ankara,İstanbul,Road,1542.71,1430.8,Corporate,0
66,Kayseri,Antalya,Road,10.75,977.6,Individual,1
67,Bursa,İstanbul,Road,1718.62,1365.1,Individual,1
68,Gaziantep,Konya,Road,376.12,1537.6,Individual,1
69,Konya,İstanbul,Road,1106.38,138.6,Corporate,1
70,Samsun,Bursa,Road,834.52,1310.9,Individual,1
71,Gaziantep,Samsun,Air,1440.71,492.1,Individual,1
72,Antalya,İstanbul,Road,745.47,1356.6,Individual,1
73,Ankara,Bursa,Sea,1740.18,963.2,Individual,1
74,Antalya,Adana,Air,1462.34,1558.4,Individual,1
75,Gaziantep,Adana,Road,1297.19,290.6,Individual,1
76,Kayseri,Gaziantep,Air,1593.5,1271.3,Corporate,1
77,Samsun,İstanbul,Road,1509.28,593.0,Corporate,1
78,Samsun,Konya,Road,76.7,1713.3,Corporate,1
79,İstanbul,Antalya,Road,792.5,1860.3,Corporate,1
80,Samsun,Konya,Road,1861.96,1993.0,Individual,1
81,Konya,İzmir,Road,255.82,1602.2,Individual,1
82,Samsun,Gaziantep,Road,1475.51,1519.8,Corporate,1
83,Gaziantep,İzmir,Air,1949.31,470.2,Corporate,1
84,İstanbul,Samsun,Air,109.14,705.2,Individual,0
85,Gaziantep,Konya,Road,1365.98,958.1,Individual,1
86,Gaziantep,İzmir,Air,938.97,1558.1,Individual,1
87,İzmir,Ankara,Road,1160.45,1834.2,Individual,1
88,İstanbul,Bursa,Road,175.26,418.8,Individual,1
89,Gaziantep,İzmir,Air,90.8,1848.6,Individual,0
90,İzmir,Ankara,Road,1335.4,1406.5,Individual,1
91,İzmir,Ankara,Road,1647.5,1241.0,Individual,1
92,İstanbul,Adana,Road,1565.12,439.7,Corporate,1
93,Antalya,İstanbul,Road,1089.89,158.3,Individual,1
94,Kayseri,Ankara,Sea,204.23,1158.5,Individual,1
95,Konya,Adana,Road,1377.65,1320.5,Individual,1
96,Kayseri,İzmir,Sea,487.57,461.0,Corporate,1
97,Samsun,Bursa,Road,1822.58,1135.1,Individual,1
98,Konya,İstanbul,Road,1677.34,1720.2,Corporate,0
99,Samsun,Gaziantep,Road,1420.22,1678.4,Individual,0
100,Gaziantep,Konya,Air,1897.95,1858.3,Corporate,1
101,Ankara,Konya,Road,67.69,763.5,Corporate,1
102,İstanbul,İzmir,Air,1473.72,670.2,Individual,1
103,Konya,Kayseri,Air,663.83,1511.4,Individual,1
104,Konya,Kayseri,Road,1812.6,890.7,Individual,0
105,Gaziantep,İzmir,Sea,537.02,220.7,Individual,1
106,Antalya,Ankara,Air,1451.09,601.5,Individual,1
107,İzmir,İstanbul,Air,1755.91,866.2,Individual,1
108,Gaziantep,Konya,Road,88.11,620.4,Individual,1
109,Adana,Konya,Road,798.31,697.8,Individual,0
110,İzmir,Ankara,Road,1525.81,622.9,Individual,0
111,İstanbul,Konya,Road,912.56,130.9,Individual,1
112,İzmir,Gaziantep,Road,538.17,1292.3,Individual,1
113,Antalya,İstanbul,Air,443.51,1214.7,Individual,0
114,İzmir,Samsun,Road,267.38,1324.1,Individual,0
115,İstanbul,Konya,Road,1714.97,425.0,Individual,1
116,Antalya,İzmir,Sea,1152.83,626.5,Corporate,1
117,Kayseri,Gaziantep,Air,157.39,1258.3,Individual,1
118,Konya,Samsun,Road,768.25,1219.3,Individual,1
119,Konya,Gaziantep,Air,738.63,1037.3,Individual,0
120,Samsun,Adana,Road,367.57,733.3,Corporate,1
121,Kayseri,Samsun,Road,873.84,1830.2,Corporate,0
122,Kayseri,Antalya,Air,667.54,712.6,Corporate,1
123,İzmir,Samsun,Road,686.9,938.5,Individual,1
124,Konya,İzmir,Road,1479.36,1372.3,Individual,1
125,İstanbul,Ankara,Road,450.41,1108.9,Individual,1
126,Bursa,Gaziantep,Road,1285.51,726.4,Individual,1
127,Bursa,Ankara,Road,1143.45,899.5,Corporate,1
128,Antalya,İzmir,Road,1138.34,1599.2,Individual,1
129,Konya,Gaziantep,Air,1327.7,592.4,Corporate,1
130,Konya,Gaziantep,Air,1099.02,327.4,Individual,1
131,Bursa,Kayseri,Road,1759.11,660.7,Corporate,1
132,Konya,Bursa,Road,1352.78,1706.6,Individual,1
133,İzmir,Antalya,Road,1096.19,223.5,Individual,1
134,Adana,Kayseri,Road,1660.38,1983.8,Individual,1
135,Ankara,Antalya,Air,1214.26,1105.0,Individual,1
136,Kayseri,Konya,Road,585.83,1970.4,Individual,1
137,Samsun,Ankara,Road,418.15,1881.0,Corporate,1
138,Antalya,Konya,Air,308.89,933.0,Individual,1
139,Adana,Kayseri,Air,1799.41,437.1,Individual,1
140,Bursa,Konya,Air,1421.72,371.5,Individual,1
141,Kayseri,İstanbul,Road,1875.07,518.0,Individual,1
142,Konya,Adana,Road,1208.57,1434.8,Corporate,1
143,Samsun,Antalya,Road,949.43,582.3,Corporate,1
144,Konya,İzmir,Road,124.13,715.8,Corporate,1
145,İstanbul,İzmir,Air,1344.93,925.1,Corporate,1
146,İstanbul,Bursa,Air,1166.51,1830.8,Corporate,1
147,Samsun,Ankara,Air,1980.47,419.3,Individual,1
148,Samsun,Ankara,Air,482.12,59.8,Corporate,1
149,Bursa,İstanbul,Road,1063.82,167.2,Individual,1
150,Samsun,Antalya,Air,1303.66,1814.3,Individual,1
151,İzmir,Bursa,Road,1290.96,1312.7,Individual,1
152,Konya,Kayseri,Road,1124.78,582.4,Corporate,1
153,Adana,Ankara,Road,1554.97,395.5,Corporate,1
154,Gaziantep,İzmir,Road,413.94,623.8,Individual,1
155,Samsun,Konya,Road,1452.63,273.9,Corporate,1
156,Antalya,Konya,Sea,1241.37,1886.0,Corporate,1
157,İstanbul,Bursa,Road,1792.67,1579.2,Individual,1
158,İzmir,Antalya,Road,1695.15,951.7,Individual,1
159,Kayseri,Antalya,Road,633.72,1736.7,Corporate,1
160,Gaziantep,Adana,Air,556.09,536.4,Individual,1
161,Adana,Samsun,Road,1963.4,1448.4,Individual,1
162,Gaziantep,Ankara,Air,1056.89,1719.5,Individual,1
163,Samsun,Antalya,Road,1813.31,745.7,Individual,1
164,Bursa,İzmir,Air,331.94,1527.1,Corporate,0
165,İstanbul,Bursa,Road,1287.42,625.4,Individual,1
166,İstanbul,Kayseri,Air,1620.67,632.8,Corporate,1
167,Kayseri,Adana,Air,1895.05,258.8,Corporate,0
168,Bursa,Gaziantep,Road,677.99,908.1,Corporate,1
169,Konya,İstanbul,Road,1451.34,1472.9,Individual,1
170,Ankara,Kayseri,Road,1079.93,1883.4,Individual,1
171,İzmir,Gaziantep,Road,125.95,1227.4,Individual,1
172,İstanbul,Konya,Road,1381.55,1733.1,Individual,1
173,Antalya,İstanbul,Air,1381.74,1653.9,Corporate,1
174,İstanbul,Ankara,Road,1861.56,388.0,Individual,1
175,Gaziantep,İzmir,Road,997.14,997.3,Individual,1
176,İstanbul,Bursa,Road,464.35,278.0,Individual,0
177,İstanbul,Samsun,Road,93.9,1380.2,Corporate,0
178,Ankara,Gaziantep,Air,834.21,1902.3,Corporate,1
179,Ankara,Gaziantep,Road,607.32,317.3,Individual,1
180,Adana,Samsun,Air,1523.37,1481.1,Corporate,1
181,Konya,Gaziantep,Air,711.76,1282.9,Individual,0
182,Antalya,Samsun,Air,1898.4,1188.0,Individual,1
183,İstanbul,Adana,Air,1924.81,810.7,Corporate,1
184,İstanbul,Adana,Road,1243.71,742.5,Individual,1
185,İzmir,Bursa,Sea,1857.68,138.2,Corporate,1
186,Ankara,Kayseri,Road,1522.9,474.9,Individual,1
187,Antalya,Kayseri,Road,1095.98,79.6,Individual,1
188,Kayseri,Ankara,Air,364.71,1183.8,Corporate,1
189,Adana,Konya,Sea,919.9,256.4,Individual,1
190,Konya,Antalya,Air,1123.94,1752.4,Corporate,1
191,Bursa,Adana,Road,1728.6,1070.1,Corporate,1
192,Konya,Ankara,Road,965.26,1414.4,Individual,0
193,Gaziantep,Antalya,Sea,1795.86,851.2,Individual,0
194,İstanbul,Kayseri,Road,1350.33,1143.1,Individual,0
195,Adana,Bursa,Air,278.31,1888.2,Individual,0
196,Gaziantep,Samsun,Air,1989.99,211.3,Individual,1
197,Antalya,Adana,Road,1056.83,545.2,Individual,1
198,Bursa,Ankara,Road,786.76,1571.0,Individual,1
199,Ankara,İstanbul,Road,1319.93,242.5,Individual,0
200,Adana,Antalya,Road,222.24,197.5,Corporate,1
201,Adana,Samsun,Air,1274.89,755.0,Corporate,1
202,İstanbul,Adana,Road,998.98,229.7,Corporate,1
203,Samsun,Kayseri,Air,816.31,1190.9,Individual,1
204,Adana,Konya,Road,1906.27,491.2,Corporate,1
205,İzmir,Antalya,Sea,1047.47,1796.6,Individual,1
206,Bursa,Kayseri,Road,442.14,1577.8,Corporate,1
207,Bursa,Adana,Road,920.63,1414.4,Corporate,1
208,İzmir,Antalya,Road,1839.18,1253.0,Individual,1
209,Kayseri,Samsun,Air,356.31,1733.8,Individual,1
210,İzmir,Adana,Air,431.84,485.0,Corporate,0
211,İzmir,Gaziantep,Air,30.99,1752.6,Corporate,1
212,Bursa,Ankara,Road,33.31,1589.5,Corporate,1
213,Konya,Samsun,Road,1659.64,1508.9,Individual,1
214,Bursa,Antalya,Road,1465.58,1144.4,Individual,1
215,Samsun,Konya,Road,713.31,530.2,Individual,1
216,İstanbul,Kayseri,Road,1398.13,875.9,Corporate,1
217,Gaziantep,İstanbul,Sea,793.44,1597.5,Individual,1
218,Konya,Kayseri,Sea,1906.03,112.0,Corporate,1
219,Ankara,Antalya,Sea,1934.27,1575.0,Individual,1
220,Gaziantep,Kayseri,Air,788.62,518.1,Individual,1
221,İstanbul,Ankara,Road,1709.17,331.4,Individual,1
222,Samsun,Adana,Road,1547.31,275.6,Corporate,1
223,Samsun,İstanbul,Road,623.45,103.1,Individual,1
224,Ankara,İzmir,Air,467.92,1071.0,Individual,0
225,Konya,Antalya,Road,919.18,475.6,Individual,1
226,Kayseri,Bursa,Road,1563.79,1979.4,Individual,1
227,İzmir,Konya,Road,1920.53,1170.2,Individual,1
228,Konya,Kayseri,Road,1528.34,318.9,Corporate,1
229,Kayseri,Antalya,Air,1711.14,1393.1,Individual,1
230,Samsun,Gaziantep,Air,1208.11,1800.6,Individual,1
231,Bursa,Kayseri,Road,1671.64,1503.1,Corporate,1
232,İstanbul,Samsun,Sea,1569.92,199.1,Corporate,1
233,Ankara,Konya,Air,757.09,1797.0,Individual,1
234,İstanbul,Gaziantep,Road,1106.22,1598.2,Individual,1
235,Antalya,İzmir,Road,1610.48,358.7,Corporate,1
236,Antalya,Adana,Road,96.88,151.0,Corporate,1
237,Konya,Ankara,Road,1617.12,1136.8,Corporate,0
238,Samsun,Konya,Sea,359.89,354.3,Individual,1
239,Samsun,Gaziantep,Road,1031.79,1677.5,Individual,1
240,İzmir,Adana,Air,1617.51,748.8,Corporate,1
241,İzmir,Adana,Road,511.37,1830.1,Individual,1
242,İzmir,Antalya,Road,495.39,1153.1,Individual,1
243,Bursa,Gaziantep,Road,808.51,406.2,Corporate,1
244,Gaziantep,İstanbul,Road,1789.81,322.2,Individual,1
245,Adana,Kayseri,Road,5.88,1174.1,Individual,1
246,Gaziantep,Bursa,Sea,1803.26,1535.7,Individual,0
247,İstanbul,Bursa,Road,311.85,1573.9,Individual,1
248,Gaziantep,İzmir,Air,1980.22,587.7,Individual,1
249,Bursa,İzmir,Road,1909.92,448.3,Corporate,0
250,İstanbul,Bursa,Road,991.88,82.7,Individual,1
251,Gaziantep,İstanbul,Road,1027.88,1374.4,Individual,1
252,Bursa,Ankara,Road,965.69,199.3,Corporate,1
253,Adana,Samsun,Road,1272.71,870.5,Individual,0
254,Gaziantep,Kayseri,Road,185.99,1223.3,Individual,1
255,Bursa,Ankara,Road,70.07,1877.4,Corporate,1
256,İzmir,Antalya,Road,120.12,658.0,Corporate,1
257,Samsun,Antalya,Road,891.51,537.1,Individual,1
258,İzmir,Samsun,Road,554.72,1325.6,Corporate,1
259,Samsun,Gaziantep,Sea,1245.97,1257.5,Individual,1
260,Ankara,İstanbul,Air,1984.92,697.6,Corporate,1
261,Ankara,İstanbul,Road,775.71,1859.8,Individual,1
262,Ankara,Samsun,Road,1149.81,1697.5,Corporate,1
263,Adana,Gaziantep,Sea,834.13,486.8,Individual,0
264,İzmir,Kayseri,Air,1695.31,516.3,Individual,0
265,Samsun,Adana,Road,1804.96,1049.0,Individual,1
266,Bursa,Konya,Air,1755.32,1558.5,Individual,1
267,İstanbul,İzmir,Road,1948.87,135.9,Corporate,1
268,Bursa,İzmir,Road,59.9,1402.0,Individual,1
269,İstanbul,Ankara,Air,1680.43,1314.1,Individual,1
270,Antalya,İstanbul,Road,1504.79,501.4,Individual,1
271,Bursa,İzmir,Sea,461.25,1378.6,Individual,0
272,Gaziantep,Adana,Air,1912.86,1883.4,Corporate,1
273,Gaziantep,Ankara,Road,300.61,141.2,Corporate,1
274,Konya,İzmir,Road,1360.7,673.3,Individual,1
275,İzmir,Antalya,Road,453.66,904.4,Corporate,1
276,İstanbul,Adana,Road,865.6,1803.6,Corporate,1
277,İstanbul,Ankara,Air,1439.72,1926.4,Individual,1
278,İzmir,Kayseri,Road,1128.83,916.0,Individual,1
279,Adana,Samsun,Road,857.87,1512.6,Corporate,0
280,Konya,Adana,Air,656.05,1086.7,Individual,1
281,Adana,İstanbul,Road,1680.12,1098.7,Corporate,0
282,Adana,Gaziantep,Air,291.91,592.3,Individual,1
283,Adana,İzmir,Road,863.06,473.1,Individual,1
284,İzmir,Gaziantep,Sea,1808.0,611.6,Individual,1
285,Adana,Antalya,Road,1692.47,1134.8,Individual,1
286,Gaziantep,İstanbul,Road,804.88,106.9,Corporate,1
287,Ankara,Konya,Road,1527.4,1819.1,Individual,1
288,Antalya,Samsun,Road,1647.21,354.8,Individual,1
289,İstanbul,Adana,Air,1778.33,479.2,Corporate,1
290,İstanbul,Adana,Air,1091.29,1060.6,Individual,1
291,Antalya,Gaziantep,Air,412.9,1434.7,Individual,1
292,İzmir,Samsun,Road,514.34,236.7,Corporate,1
293,Bursa,Ankara,Road,594.91,669.5,Corporate,1
294,İzmir,Samsun,Road,1189.64,1938.9,Individual,1
295,İstanbul,Kayseri,Road,70.46,561.6,Individual,0
296,İstanbul,Samsun,Air,1273.9,660.4,Individual,1
297,Antalya,Kayseri,Road,731.89,1681.2,Individual,1
298,Adana,Kayseri,Road,594.01,147.9,Individual,1
299,İzmir,Konya,Road,1759.6,956.0,Individual,1
300,Samsun,İstanbul,Air,922.7,790.3,Individual,1
301,Antalya,Konya,Air,194.63,667.3,Individual,0
302,Gaziantep,Kayseri,Air,1654.36,607.1,Individual,0
303,İstanbul,Antalya,Road,100.04,228.2,Individual,1
304,Antalya,Adana,Road,1454.86,663.9,Corporate,1
305,İzmir,Kayseri,Air,1548.94,134.0,Corporate,1
306,İstanbul,Konya,Air,708.44,1572.9,Individual,1
307,Bursa,Antalya,Road,1650.45,826.5,Individual,1
308,Antalya,Konya,Air,1033.74,915.6,Individual,1
309,Konya,Samsun,Air,929.27,1792.5,Individual,1
310,İstanbul,İzmir,Air,95.58,1333.2,Individual,1
311,İzmir,Gaziantep,Air,583.61,65.7,Individual,1
312,Ankara,Gaziantep,Road,1862.36,1889.2,Individual,1
313,Samsun,Konya,Road,786.69,512.4,Corporate,0
314,Kayseri,Ankara,Road,1095.67,259.8,Individual,1
315,Adana,Bursa,Air,1066.38,1547.8,Individual,0
316,Kayseri,Konya,Air,1182.91,1025.9,Corporate,1
317,İzmir,Samsun,Air,127.36,895.9,Individual,1
318,Gaziantep,Ankara,Road,727.54,536.5,Individual,0
319,Gaziantep,Kayseri,Air,1447.64,1117.6,Individual,1
320,Ankara,Konya,Air,405.12,585.0,Individual,1
321,Adana,İstanbul,Air,411.14,1808.1,Corporate,1
322,Konya,Gaziantep,Air,25.13,469.6,Individual,1
323,Ankara,İzmir,Air,877.78,1774.5,Individual,1
324,Kayseri,Ankara,Road,1766.06,1140.8,Individual,0
325,Ankara,İzmir,Road,108.54,1665.6,Individual,0
326,Kayseri,Antalya,Road,386.28,1440.0,Corporate,0
327,İstanbul,Gaziantep,Road,623.62,1408.6,Corporate,1
328,Gaziantep,Kayseri,Air,1464.79,682.5,Individual,1
329,İstanbul,Konya,Air,1283.07,506.1,Individual,1
330,Samsun,Konya,Road,834.81,461.2,Individual,0
331,Adana,Konya,Road,1519.34,1721.5,Corporate,1
332,Konya,Gaziantep,Air,1221.21,1649.8,Individual,1
333,Kayseri,İstanbul,Road,1792.6,909.1,Individual,1
334,Konya,Bursa,Road,1636.96,308.2,Individual,1
335,Kayseri,Adana,Road,509.36,795.4,Individual,1
336,İzmir,Samsun,Road,546.52,1257.7,Individual,0
337,Ankara,Kayseri,Road,255.09,936.1,Individual,0
338,Samsun,İstanbul,Road,677.24,1571.4,Individual,1
339,Gaziantep,Kayseri,Road,1999.09,1995.4,Individual,1
340,Kayseri,Ankara,Air,814.47,422.7,Individual,0
341,Konya,Gaziantep,Road,444.87,946.3,Corporate,1
342,Samsun,İzmir,Air,1526.15,890.4,Individual,1
343,Bursa,Kayseri,Road,1087.23,643.8,Individual,1
344,Bursa,Ankara,Road,303.45,436.3,Individual,1
345,İstanbul,Konya,Air,764.48,178.1,Individual,1
346,Gaziantep,Ankara,Road,831.87,1779.9,Individual,1
347,İzmir,Bursa,Road,1508.89,868.7,Corporate,1
348,Konya,Gaziantep,Road,46.24,1018.9,Individual,1
349,Ankara,Bursa,Air,541.69,1838.0,Corporate,0
350,Ankara,İstanbul,Road,1037.6,1563.8,Individual,1
351,Konya,Antalya,Road,541.35,304.5,Individual,1
352,Adana,Samsun,Air,1258.73,1152.6,Individual,1
353,İzmir,Gaziantep,Road,966.33,912.4,Individual,1
354,Samsun,Adana,Air,726.61,1604.6,Corporate,1
355,Kayseri,Adana,Air,1898.67,1462.3,Corporate,0
356,Adana,Samsun,Sea,1266.16,1396.3,Corporate,1
357,Kayseri,Konya,Road,264.23,714.1,Corporate,1
358,Kayseri,Bursa,Air,1122.38,1619.7,Corporate,1
359,Adana,Antalya,Road,1562.56,152.2,Individual,1
360,İstanbul,Adana,Road,1418.44,361.3,Individual,1
361,Bursa,İstanbul,Road,348.32,704.5,Individual,0
362,Kayseri,İzmir,Air,1944.98,199.8,Individual,0
363,Adana,Gaziantep,Road,900.38,508.2,Corporate,1
364,Adana,Ankara,Road,322.25,1668.8,Individual,0
365,Antalya,Bursa,Road,364.49,1899.1,Individual,1
366,İstanbul,Ankara,Air,200.98,644.0,Individual,1
367,Gaziantep,Antalya,Air,1608.02,565.8,Individual,1
368,Antalya,Samsun,Air,248.45,595.8,Individual,1
369,Antalya,İstanbul,Road,254.62,591.6,Individual,1
370,Konya,Antalya,Road,1701.69,120.1,Individual,0
371,Bursa,Samsun,Air,692.49,1857.5,Individual,1
372,Adana,İstanbul,Road,66.56,466.7,Individual,1
373,Bursa,Samsun,Road,108.53,869.0,Individual,1
374,İzmir,Gaziantep,Air,288.63,68.9,Individual,1
375,Konya,Bursa,Sea,430.72,1723.0,Individual,1
376,Gaziantep,Kayseri,Air,1331.97,1475.8,Individual,1
377,Bursa,Antalya,Air,318.87,1896.2,Individual,1
378,Ankara,Antalya,Sea,242.15,1574.2,Individual,1
379,Kayseri,Adana,Road,1530.61,661.7,Individual,1
380,İzmir,Konya,Road,1343.76,533.4,Individual,1
381,İstanbul,Gaziantep,Sea,873.47,1410.5,Individual,1
382,Gaziantep,İzmir,Road,1100.87,760.0,Individual,1
383,İzmir,Ankara,Air,627.41,1154.1,Corporate,1
384,Kayseri,Samsun,Road,967.59,62.2,Individual,1
385,Konya,Kayseri,Road,1015.81,170.7,Corporate,1
386,Kayseri,Bursa,Air,777.54,1094.0,Individual,0
387,Antalya,Bursa,Sea,1813.61,1153.8,Individual,1
388,Kayseri,Gaziantep,Air,37.04,1515.3,Individual,0
389,Antalya,Bursa,Road,1565.43,307.3,Individual,1
390,Konya,Adana,Air,253.14,1050.7,Individual,1
391,Samsun,Antalya,Road,1596.11,429.2,Individual,1
392,Antalya,İzmir,Road,1233.74,231.7,Individual,0
393,İstanbul,Kayseri,Road,1687.34,850.5,Individual,1
394,Kayseri,Ankara,Road,199.54,368.5,Individual,1
395,Kayseri,Samsun,Road,1120.17,482.5,Individual,0
396,İstanbul,Kayseri,Sea,1004.67,669.2,Individual,1
397,Ankara,Samsun,Air,1413.86,555.8,Individual,1
398,Adana,İstanbul,Air,1070.91,220.8,Corporate,1
399,Samsun,Kayseri,Road,1083.77,225.3,Corporate,1
400,Gaziantep,İzmir,Sea,862.04,426.8,Corporate,1
401,Antalya,Gaziantep,Sea,621.12,148.6,Individual,1
402,İstanbul,Adana,Air,967.12,1271.6,Corporate,1
403,Konya,Antalya,Road,241.39,610.3,Corporate,1
404,Antalya,İstanbul,Road,1923.22,595.5,Individual,0
405,Adana,Bursa,Road,1430.25,697.4,Individual,0
406,Konya,Kayseri,Road,1905.17,1342.5,Corporate,1
407,İzmir,İstanbul,Road,457.32,1747.7,Individual,1
408,Kayseri,Samsun,Sea,1759.29,1530.2,Individual,1
409,İzmir,Adana,Road,1618.54,1468.7,Individual,1
410,Antalya,Bursa,Road,1355.92,994.6,Individual,1
411,Adana,Kayseri,Road,1251.93,1402.9,Corporate,1
412,Samsun,İstanbul,Road,636.52,1127.9,Individual,1
413,Antalya,Kayseri,Road,1633.74,471.7,Individual,1
414,İstanbul,İzmir,Road,1005.52,456.7,Individual,1
415,Bursa,Ankara,Road,146.43,628.0,Individual,0
416,Antalya,Ankara,Air,629.16,1826.1,Individual,1
417,Kayseri,İstanbul,Sea,1870.92,1117.5,Individual,1
418,Kayseri,Gaziantep,Road,1702.11,1481.1,Corporate,1
419,Antalya,İzmir,Road,1963.9,725.8,Individual,1
420,Konya,İzmir,Air,1257.85,845.0,Individual,1
421,Bursa,Adana,Road,498.78,294.9,Individual,1
422,İstanbul,Gaziantep,Road,329.82,384.0,Individual,1
423,Antalya,Samsun,Air,377.89,1663.3,Corporate,1
424,Konya,Samsun,Road,44.49,1190.4,Corporate,1
425,Kayseri,Bursa,Air,784.41,708.2,Corporate,1
426,Kayseri,Antalya,Road,386.9,1615.6,Individual,0
427,Adana,Ankara,Road,826.25,530.7,Individual,1
428,Antalya,Samsun,Road,1870.31,1953.3,Individual,1
429,Bursa,Gaziantep,Air,863.93,722.4,Individual,0
430,Ankara,İzmir,Road,1756.58,707.8,Corporate,1
431,Bursa,Samsun,Road,1212.98,658.2,Corporate,1
432,Kayseri,İzmir,Air,498.03,288.1,Corporate,1
433,Kayseri,Samsun,Road,714.93,266.7,Corporate,1
434,İzmir,Ankara,Road,172.42,1313.8,Corporate,1
435,Kayseri,Adana,Air,670.26,1756.5,Individual,1
436,İstanbul,Samsun,Road,1356.69,1591.5,Individual,0
437,Gaziantep,Ankara,Air,148.86,325.2,Individual,0
438,Antalya,Samsun,Air,414.78,1113.9,Individual,1
439,Bursa,Antalya,Air,765.97,255.9,Individual,1
440,Gaziantep,Ankara,Road,1964.19,138.3,Individual,1
441,Konya,Gaziantep,Sea,1570.8,1330.0,Corporate,1
442,Ankara,Adana,Road,1468.31,1093.5,Individual,1
443,İstanbul,Gaziantep,Air,236.8,209.9,Corporate,1
444,Bursa,Antalya,Road,1563.09,118.1,Corporate,0
445,Gaziantep,Kayseri,Road,1571.61,1980.0,Individual,0
446,Ankara,Konya,Road,1204.2,108.5,Individual,1
447,İzmir,Adana,Sea,1980.77,916.8,Individual,1
448,İstanbul,Antalya,Sea,653.88,1034.0,Corporate,1
449,İstanbul,Antalya,Road,1882.84,278.7,Corporate,1
450,İzmir,İstanbul,Road,1829.89,379.7,Corporate,1
451,Antalya,Ankara,Air,27.9,736.0,Individual,1
452,İzmir,Gaziantep,Road,902.98,1535.3,Individual,1
453,İstanbul,İzmir,Road,1954.32,1038.8,Individual,1
454,İstanbul,Kayseri,Air,210.73,1293.9,Corporate,1
455,Gaziantep,İzmir,Road,1097.83,1971.1,Individual,1
456,Kayseri,Gaziantep,Sea,1958.02,1547.6,Individual,1
457,Ankara,Gaziantep,Road,1113.21,897.0,Individual,1
458,İzmir,Ankara,Road,383.68,920.6,Individual,1
459,Ankara,Gaziantep,Road,1166.46,1256.6,Individual,0
460,İzmir,İstanbul,Air,412.86,1347.5,Individual,1
461,Konya,Adana,Road,1041.81,1026.4,Individual,1
462,İstanbul,Gaziantep,Air,152.71,1307.5,Individual,1
463,Kayseri,İzmir,Road,1212.94,95.9,Corporate,1
464,Gaziantep,Konya,Air,1036.0,887.8,Corporate,1
465,Kayseri,İstanbul,Road,1481.62,593.9,Individual,1
466,Kayseri,Samsun,Road,1263.25,301.9,Corporate,1
467,Kayseri,Samsun,Air,1101.46,244.1,Individual,1
468,Ankara,Antalya,Road,1381.11,1226.2,Individual,1
469,İzmir,Kayseri,Road,292.16,1071.0,Corporate,1
470,Samsun,Bursa,Air,1192.74,544.5,Corporate,1
471,Konya,Adana,Road,348.36,968.4,Corporate,1
472,Bursa,Konya,Air,1851.42,1009.9,Individual,1
473,Kayseri,Antalya,Road,141.33,430.3,Individual,1
474,Antalya,Kayseri,Air,863.6,1321.6,Corporate,1
475,Ankara,Samsun,Road,1393.12,1572.8,Individual,0
476,Gaziantep,İzmir,Road,918.75,1593.4,Individual,1
477,Bursa,Konya,Sea,188.73,1224.8,Corporate,0
478,Samsun,Kayseri,Air,1108.99,1047.7,Corporate,0
479,Antalya,Kayseri,Road,1285.06,169.0,Corporate,1
480,Samsun,Antalya,Road,1409.07,611.3,Individual,1
481,Bursa,Konya,Air,749.65,231.9,Corporate,1
482,Kayseri,Ankara,Road,1129.5,1929.5,Individual,0
483,Antalya,Bursa,Air,904.12,313.4,Individual,1
484,Samsun,Ankara,Air,1345.75,346.0,Individual,1
485,Gaziantep,Konya,Road,1169.2,1784.7,Individual,1
486,İzmir,Ankara,Road,1053.88,1890.7,Individual,1
487,İstanbul,Bursa,Air,502.8,1543.4,Individual,1
488,İzmir,Samsun,Road,9.03,60.5,Individual,1
489,Bursa,İstanbul,Road,352.29,52.6,Individual,1
490,Ankara,Gaziantep,Sea,238.55,787.3,Individual,0
491,İstanbul,Ankara,Road,900.92,329.6,Individual,1
492,Konya,Gaziantep,Air,1226.46,85.9,Individual,1
493,Gaziantep,İzmir,Road,430.1,954.9,Corporate,1
494,Konya,Adana,Road,1878.42,1889.0,Corporate,1
495,Antalya,İzmir,Road,18.33,681.4,Individual,1
496,İstanbul,Konya,Road,1545.74,1339.2,Corporate,1
497,Konya,Kayseri,Road,1252.28,1321.9,Individual,1
498,Konya,Samsun,Road,750.24,539.6,Individual,1
499,Samsun,Ankara,Air,105.73,1318.3,Corporate,1
500,İzmir,Antalya,Road,1256.84,464.1,Individual,1
501,Samsun,Adana,Road,774.3,287.9,Corporate,1
502,İstanbul,Bursa,Road,1872.85,1417.7,Individual,1
503,İstanbul,Bursa,Road,1086.27,271.2,Corporate,1
504,Bursa,Gaziantep,Road,1879.6,1994.0,Individual,1
505,Samsun,Ankara,Road,444.86,407.7,Individual,1
506,Adana,Bursa,Road,1452.82,1208.6,Individual,1
507,İzmir,İstanbul,Road,1236.41,852.2,Corporate,0
508,İstanbul,Adana,Road,1480.12,296.5,Individual,0
509,Bursa,İstanbul,Air,433.26,104.3,Corporate,1
510,Samsun,Kayseri,Road,1331.66,1264.3,Individual,1
511,İzmir,Adana,Road,998.59,1623.2,Individual,1
512,Samsun,İstanbul,Air,1486.94,1691.9,Individual,1
513,Konya,Adana,Road,657.45,991.3,Individual,1
514,Bursa,Kayseri,Air,1780.66,1566.0,Corporate,1
515,İzmir,Gaziantep,Road,173.18,1362.1,Individual,1
516,Kayseri,Ankara,Road,1615.34,1462.3,Individual,1
517,Antalya,Ankara,Road,1723.33,1010.6,Individual,1
518,Antalya,Bursa,Road,1635.42,1285.2,Individual,1
519,İzmir,İstanbul,Air,1027.89,1620.8,Corporate,1
520,Samsun,Bursa,Road,879.58,825.9,Individual,1
521,Bursa,Konya,Air,1992.54,1621.7,Individual,1
522,Antalya,İstanbul,Road,462.2,1204.4,Corporate,1
523,Bursa,Adana,Road,1096.02,373.5,Corporate,1
524,Antalya,İzmir,Road,1343.0,98.1,Individual,1
525,Konya,Kayseri,Road,1403.23,757.4,Individual,1
526,Samsun,Konya,Road,412.03,1116.1,Individual,1
527,Konya,Kayseri,Air,1309.72,1687.6,Individual,1
528,Antalya,Ankara,Air,1637.65,298.6,Corporate,0
529,Kayseri,Ankara,Road,104.79,1610.4,Individual,1
530,Kayseri,Bursa,Air,1823.48,1732.9,Individual,1
531,Konya,İstanbul,Sea,63.86,343.8,Individual,1
532,Kayseri,İzmir,Air,715.16,1710.6,Individual,1
533,Antalya,Samsun,Road,36.55,1983.3,Individual,1
534,İzmir,Konya,Air,158.9,1467.3,Individual,1
535,Konya,Ankara,Road,1822.78,1580.3,Individual,1
536,Ankara,Bursa,Sea,712.95,1989.1,Individual,1
537,Samsun,Ankara,Road,852.42,1230.7,Individual,1
538,Kayseri,Bursa,Road,434.61,650.4,Individual,0
539,Kayseri,Adana,Air,1196.21,1683.2,Individual,1
540,İstanbul,İzmir,Road,1191.63,1248.2,Individual,1
541,Adana,İstanbul,Sea,747.54,1183.3,Individual,1
542,Konya,Gaziantep,Sea,669.4,544.6,Individual,1
543,Gaziantep,Antalya,Air,1770.5,1524.9,Individual,1
544,Kayseri,Antalya,Road,769.65,209.3,Individual,1
545,Samsun,Bursa,Air,989.53,1852.4,Corporate,0
546,Ankara,Adana,Road,570.19,685.4,Corporate,1
547,Kayseri,İzmir,Road,1574.61,299.2,Corporate,1
548,Ankara,Samsun,Air,797.91,912.6,Individual,1
549,Antalya,Samsun,Road,1029.65,132.8,Corporate,1
550,Antalya,İzmir,Road,510.45,1385.0,Individual,1
551,Adana,İstanbul,Sea,1975.38,1810.3,Individual,1
552,İzmir,Kayseri,Road,586.53,1682.7,Individual,1
553,Gaziantep,Adana,Road,1542.63,298.4,Corporate,1
554,İstanbul,Ankara,Sea,857.85,296.2,Individual,1
555,Adana,İzmir,Road,416.4,1636.2,Individual,0
556,Bursa,İstanbul,Air,1600.44,1852.3,Corporate,1
557,İstanbul,Samsun,Sea,670.55,948.3,Corporate,1
558,Konya,Gaziantep,Sea,1731.06,1023.0,Individual,1
559,Samsun,Ankara,Air,1830.94,670.6,Individual,1
560,Bursa,Gaziantep,Road,1720.35,1793.8,Individual,1
561,Bursa,Samsun,Road,74.84,1307.6,Corporate,1
562,Adana,İstanbul,Air,1575.81,612.1,Individual,0
563,İzmir,Antalya,Air,825.62,632.6,Individual,1
564,Adana,Gaziantep,Road,1748.08,1787.8,Corporate,1
565,Konya,Ankara,Road,1277.72,76.6,Individual,1
566,Kayseri,Bursa,Road,1668.12,679.3,Individual,1
567,Kayseri,Konya,Road,1001.37,1131.0,Individual,1
568,İzmir,Kayseri,Air,1072.38,339.0,Individual,1
569,Konya,Antalya,Road,293.05,229.6,Individual,1
570,İzmir,Gaziantep,Sea,1569.05,1639.8,Individual,1
571,Ankara,Kayseri,Air,841.68,1794.1,Individual,0
572,Kayseri,İzmir,Road,1002.66,1656.0,Individual,1
573,Bursa,Gaziantep,Air,1571.27,1802.6,Individual,1
574,Gaziantep,Samsun,Road,1199.7,1128.6,Corporate,0
575,Samsun,Konya,Road,406.19,1633.9,Corporate,1
576,Konya,İstanbul,Air,1182.51,798.9,Individual,1
577,İstanbul,Bursa,Air,818.23,1349.2,Individual,0
578,İzmir,Bursa,Air,941.7,1978.2,Individual,1
579,Samsun,Gaziantep,Road,61.48,490.2,Corporate,1
580,İstanbul,Adana,Road,424.01,810.3,Individual,1
581,Samsun,Ankara,Air,565.67,986.1,Corporate,1
582,Gaziantep,Adana,Road,1427.36,319.1,Individual,1
583,İstanbul,Adana,Road,27.93,208.0,Corporate,1
584,Adana,Antalya,Road,820.51,1668.0,Corporate,1
585,Antalya,Konya,Air,1848.43,1954.7,Corporate,1
586,Adana,Ankara,Road,228.2,839.2,Individual,1
587,Kayseri,Gaziantep,Air,1035.27,220.9,Individual,1
588,Antalya,Gaziantep,Sea,1574.11,178.3,Individual,0
589,Adana,İstanbul,Road,1885.35,1788.1,Individual,1
590,Antalya,Gaziantep,Road,1494.82,954.4,Individual,0
591,Antalya,Samsun,Road,1442.53,674.1,Individual,1
592,Bursa,Ankara,Air,1653.84,979.1,Individual,1
593,İzmir,Ankara,Road,895.17,670.7,Individual,1
594,İzmir,Adana,Road,1612.66,1003.6,Individual,1
595,Bursa,Samsun,Road,20.89,1726.1,Individual,1
596,Samsun,İstanbul,Air,1849.5,1205.0,Corporate,1
597,Ankara,Adana,Road,889.4,1404.6,Individual,1
598,Samsun,Kayseri,Air,1108.99,761.1,Individual,1
599,İstanbul,Gaziantep,Sea,513.49,1490.1,Individual,1
600,İstanbul,Adana,Road,1486.35,1349.9,Corporate,1
601,Antalya,İzmir,Air,157.89,283.1,Individual,1
602,Adana,Gaziantep,Road,1745.91,1166.7,Individual,1
603,Adana,Samsun,Air,1657.09,550.6,Individual,1
604,İzmir,İstanbul,Air,436.04,1618.0,Individual,1
605,Konya,Samsun,Air,1619.6,880.6,Individual,1
606,Samsun,Adana,Road,1573.78,1989.6,Corporate,0
607,Kayseri,Adana,Road,1266.27,230.4,Corporate,1
608,Gaziantep,Bursa,Road,750.17,1571.7,Individual,1
609,Adana,İstanbul,Road,546.64,1363.7,Individual,1
610,Gaziantep,Kayseri,Road,467.41,1546.6,Individual,0
611,Antalya,Gaziantep,Road,640.62,649.7,Individual,1
612,Gaziantep,Ankara,Road,1807.6,1009.5,Individual,0
613,Kayseri,İstanbul,Road,159.89,1603.2,Individual,1
614,Bursa,Ankara,Air,1658.6,503.5,Corporate,1
615,Kayseri,İstanbul,Road,701.04,490.8,Corporate,0
616,Gaziantep,İstanbul,Road,1045.59,1124.5,Individual,1
617,Kayseri,Samsun,Road,1590.0,1070.9,Individual,1
618,Ankara,İstanbul,Road,1769.33,600.4,Individual,1
619,Antalya,Bursa,Sea,692.84,631.2,Individual,0
620,Samsun,Kayseri,Road,926.38,591.8,Individual,1
621,Bursa,Adana,Air,831.96,1554.4,Individual,1
622,Adana,Konya,Sea,31.44,1321.2,Corporate,1
623,İstanbul,Ankara,Air,595.41,1673.2,Corporate,1
624,Samsun,Adana,Air,921.08,1952.2,Individual,0
625,İstanbul,Konya,Air,825.13,974.6,Individual,1
626,Antalya,Kayseri,Sea,1445.25,180.1,Individual,1
627,Bursa,Kayseri,Air,772.68,143.8,Individual,0
628,İzmir,Ankara,Road,981.31,626.5,Individual,1
629,Adana,Ankara,Air,862.07,1868.5,Individual,1
630,Ankara,Kayseri,Road,1482.55,1070.3,Individual,1
631,İzmir,Konya,Air,1726.63,580.0,Individual,1
632,Antalya,İstanbul,Road,1066.12,828.4,Corporate,1
633,Samsun,Gaziantep,Road,1579.92,1217.3,Individual,1
634,Ankara,İzmir,Road,597.09,1323.3,Individual,1
635,Kayseri,Adana,Road,1085.03,350.1,Individual,1
636,Gaziantep,Samsun,Road,693.73,1955.2,Individual,1
637,Ankara,Adana,Road,831.33,1112.3,Individual,1
638,Antalya,Samsun,Road,1466.17,314.6,Corporate,1
639,Konya,Ankara,Road,1763.92,1792.6,Corporate,1
640,Gaziantep,Samsun,Air,247.38,195.5,Individual,0
641,İstanbul,Ankara,Road,1271.11,1820.1,Individual,1
642,Adana,Gaziantep,Road,1166.38,1993.3,Individual,1
643,İstanbul,Gaziantep,Air,241.24,1415.8,Individual,1
644,Ankara,Adana,Road,427.73,1552.4,Corporate,1
645,İstanbul,Bursa,Road,625.45,707.7,Individual,1
646,Antalya,Konya,Air,338.03,1886.1,Individual,1
647,Kayseri,Bursa,Air,491.24,1082.9,Individual,1
648,Samsun,Bursa,Road,538.86,1478.2,Individual,0
649,Adana,İzmir,Road,674.67,1852.0,Corporate,1
650,İstanbul,Kayseri,Sea,1500.03,1951.6,Individual,1
651,İstanbul,Adana,Air,1145.96,1674.7,Corporate,1
652,Ankara,Kayseri,Road,1972.56,640.9,Individual,1
653,Samsun,İzmir,Air,832.4,1934.8,Corporate,1
654,İzmir,Samsun,Road,1508.96,1274.8,Individual,1
655,İstanbul,Kayseri,Road,1743.58,1864.8,Individual,1
656,Antalya,Ankara,Road,1359.56,1368.4,Corporate,1
657,Konya,Adana,Air,826.67,649.1,Individual,1
658,Adana,Konya,Road,1508.42,771.5,Individual,1
659,İstanbul,Samsun,Air,411.32,1123.4,Individual,1
660,Antalya,İzmir,Road,658.47,1590.5,Corporate,1
661,Antalya,Kayseri,Road,1095.64,670.1,Individual,1
662,Adana,İzmir,Road,1152.94,1180.5,Corporate,1
663,İzmir,Konya,Air,49.17,724.0,Individual,1
664,Antalya,Bursa,Road,1890.5,1640.8,Individual,0
665,Konya,Gaziantep,Road,1394.77,960.1,Corporate,1
666,Antalya,Konya,Air,993.93,199.6,Individual,1
667,Antalya,Adana,Road,1866.59,373.8,Corporate,1
668,Antalya,Konya,Sea,881.0,169.2,Corporate,1
669,Kayseri,İzmir,Road,1960.97,1023.6,Individual,1
670,Kayseri,Ankara,Air,1027.01,257.4,Individual,0
671,İzmir,Adana,Road,233.0,272.6,Individual,1
672,İstanbul,Ankara,Sea,1530.78,1885.0,Corporate,0
673,Antalya,İzmir,Road,1359.4,1751.7,Corporate,0
674,Samsun,Adana,Road,1547.11,931.6,Individual,1
675,İstanbul,Antalya,Road,1903.13,1972.3,Individual,1
676,İzmir,Gaziantep,Road,1554.1,50.4,Individual,1
677,Bursa,Samsun,Road,1224.62,1247.3,Corporate,1
678,İstanbul,İzmir,Sea,1715.33,1252.0,Individual,0
679,İstanbul,Kayseri,Road,1348.13,942.0,Individual,1
680,Gaziantep,İzmir,Air,819.2,824.0,Individual,0
681,Ankara,İzmir,Air,1771.81,938.0,Corporate,1
682,Gaziantep,Adana,Air,447.69,859.2,Individual,0
683,Konya,İstanbul,Road,1430.71,1474.5,Individual,0
684,Kayseri,Konya,Road,1763.72,313.9,Individual,1
685,Kayseri,İstanbul,Air,1463.98,435.4,Individual,1
686,Ankara,Antalya,Sea,1396.06,402.0,Corporate,1
687,Adana,Kayseri,Road,1506.51,561.8,Corporate,1
688,Adana,Gaziantep,Road,932.79,1074.3,Individual,0
689,İzmir,Bursa,Road,1748.97,266.9,Individual,1
690,Ankara,Antalya,Sea,410.86,1742.9,Individual,1
691,İstanbul,Bursa,Road,259.14,629.9,Individual,1
692,Adana,Bursa,Road,574.59,366.9,Corporate,1
693,Antalya,Gaziantep,Air,1065.5,1367.5,Individual,1
694,Samsun,Ankara,Road,1023.57,124.3,Individual,1
695,İstanbul,İzmir,Road,1642.09,1258.9,Individual,1
696,Konya,İzmir,Air,812.11,1411.5,Individual,1
697,Antalya,Samsun,Sea,971.27,469.1,Individual,1
698,Antalya,Bursa,Road,31.67,131.8,Individual,1
699,Ankara,Kayseri,Road,822.43,759.1,Individual,1
700,İzmir,Antalya,Road,1297.31,242.3,Corporate,1
701,Konya,Ankara,Road,35.94,277.1,Individual,1
702,Adana,Bursa,Air,565.36,545.8,Individual,1
703,Ankara,Gaziantep,Road,419.87,626.2,Corporate,1
704,Adana,Ankara,Road,88.76,1083.4,Individual,1
705,Ankara,Bursa,Road,961.12,1372.9,Corporate,0
706,Ankara,Adana,Road,367.54,1205.9,Individual,1
707,Ankara,Konya,Road,1487.45,339.3,Individual,0
708,İzmir,Kayseri,Air,1696.62,385.6,Individual,1
709,Ankara,İzmir,Road,1093.44,1763.6,Individual,1
710,Bursa,İzmir,Air,1963.51,1138.8,Individual,1
711,Samsun,Kayseri,Air,903.7,1746.4,Corporate,1
712,Adana,Bursa,Road,1029.17,774.5,Individual,1
713,İstanbul,İzmir,Road,1978.49,1248.1,Individual,1
714,Gaziantep,Ankara,Road,466.94,1071.1,Individual,1
715,Konya,Gaziantep,Road,1885.38,672.3,Individual,1
716,Kayseri,Antalya,Road,90.46,966.3,Individual,1
717,İzmir,İstanbul,Road,895.54,1029.9,Individual,1
718,İstanbul,İzmir,Road,144.66,441.5,Corporate,1
719,Antalya,Kayseri,Air,1459.82,664.3,Corporate,1
720,Bursa,Gaziantep,Road,1218.78,1593.2,Individual,1
721,Kayseri,Bursa,Air,1414.74,1835.8,Individual,1
722,Gaziantep,Konya,Road,752.09,751.6,Corporate,1
723,İstanbul,Kayseri,Air,742.12,648.6,Corporate,1
724,Kayseri,Ankara,Road,95.41,430.6,Individual,0
725,İstanbul,Konya,Road,703.14,1373.1,Corporate,1
726,Bursa,Antalya,Air,1858.93,680.0,Individual,1
727,Gaziantep,Antalya,Road,761.56,1976.1,Corporate,1
728,Antalya,Adana,Road,1663.58,685.1,Individual,1
729,Ankara,Samsun,Sea,1685.44,818.6,Individual,1
730,Adana,Kayseri,Road,749.62,1226.5,Corporate,1
731,Antalya,Gaziantep,Road,1265.82,1613.3,Individual,1
732,Ankara,Konya,Air,195.27,965.6,Individual,1
733,İzmir,Samsun,Air,211.84,874.2,Individual,1
734,Samsun,Bursa,Air,102.07,1991.5,Corporate,1
735,Konya,Ankara,Road,1164.13,70.5,Corporate,1
736,Konya,Adana,Air,855.01,1795.4,Corporate,1
737,Adana,Samsun,Road,1098.32,340.8,Individual,1
738,Gaziantep,İstanbul,Air,1044.54,1582.6,Corporate,1
739,Bursa,Samsun,Sea,703.65,1255.0,Individual,1
740,Gaziantep,Samsun,Air,1356.56,716.6,Individual,1
741,Bursa,Ankara,Air,1518.21,1754.1,Corporate,1
742,Gaziantep,İzmir,Road,34.18,75.2,Individual,0
743,Samsun,Antalya,Air,418.45,492.0,Individual,1
744,İzmir,Antalya,Air,1427.91,1155.4,Individual,0
745,İzmir,İstanbul,Road,776.31,735.5,Individual,1
746,Ankara,Gaziantep,Air,1326.66,1240.2,Corporate,1
747,Kayseri,Gaziantep,Road,697.19,97.0,Individual,1
748,İzmir,Bursa,Air,784.56,277.1,Corporate,1
749,İzmir,Konya,Air,321.56,297.8,Individual,1
750,Antalya,Kayseri,Air,520.17,419.1,Individual,1
751,Antalya,İzmir,Road,1212.8,945.7,Individual,1
752,Ankara,Adana,Road,869.16,1516.7,Corporate,0
753,Kayseri,Ankara,Road,1549.73,1815.8,Individual,1
754,Adana,Kayseri,Sea,1705.91,1679.0,Corporate,1
755,Antalya,Samsun,Road,1085.58,433.9,Individual,1
756,Adana,İstanbul,Road,1517.74,910.2,Individual,1
757,İstanbul,Antalya,Air,617.27,438.9,Individual,1
758,Antalya,Bursa,Road,832.87,565.7,Corporate,1
759,Samsun,Gaziantep,Air,1426.99,1031.9,Corporate,0
760,Kayseri,İstanbul,Air,775.49,182.8,Individual,1
761,Ankara,Samsun,Air,1179.07,475.4,Individual,1
762,İstanbul,Adana,Road,374.82,1874.0,Individual,1
763,Kayseri,Bursa,Road,1201.54,958.9,Corporate,0
764,Samsun,Ankara,Road,1723.72,918.5,Individual,1
765,Kayseri,Antalya,Road,1737.94,78.4,Corporate,1
766,Samsun,Antalya,Road,1450.07,532.4,Corporate,1
767,Samsun,Antalya,Road,1492.78,1739.3,Individual,1
768,Adana,İstanbul,Air,1118.07,371.0,Corporate,1
769,Gaziantep,İstanbul,Air,1171.41,859.5,Individual,1
770,İstanbul,Gaziantep,Road,271.63,77.9,Individual,0
771,Kayseri,Gaziantep,Air,890.5,982.8,Individual,0
772,Bursa,Adana,Sea,904.3,91.0,Individual,1
773,İstanbul,Bursa,Air,1917.2,1648.2,Corporate,1
774,Gaziantep,Ankara,Air,865.02,1658.5,Individual,1
775,İstanbul,Ankara,Road,1100.94,1586.1,Individual,0
776,İzmir,Samsun,Road,1068.84,602.6,Individual,1
777,Bursa,Antalya,Road,1275.34,1682.6,Individual,1
778,Gaziantep,Bursa,Road,1497.72,1108.8,Individual,1
779,Adana,Kayseri,Sea,453.96,778.9,Individual,1
780,Kayseri,İstanbul,Air,1059.81,1269.4,Individual,1
781,Konya,İstanbul,Road,1652.71,74.1,Corporate,1
782,Gaziantep,İzmir,Road,928.91,328.8,Corporate,1
783,Ankara,Adana,Air,560.52,1497.5,Individual,0
784,Kayseri,Antalya,Road,1311.14,526.1,Corporate,1
785,Gaziantep,Antalya,Road,1648.42,1216.1,Individual,1
786,İzmir,Antalya,Air,130.96,801.0,Individual,1
787,Konya,İstanbul,Road,1554.7,1716.9,Individual,1
788,İzmir,İstanbul,Road,1644.19,1907.2,Individual,1
789,Konya,İzmir,Road,925.74,1773.0,Individual,1
790,Ankara,Kayseri,Air,1966.69,577.7,Corporate,1
791,Kayseri,Bursa,Road,1574.48,428.6,Individual,0
792,Adana,Antalya,Road,1548.46,975.1,Corporate,1
793,İzmir,Ankara,Road,1496.94,64.3,Individual,1
794,İzmir,Gaziantep,Road,305.46,100.3,Corporate,1
795,Samsun,Ankara,Road,438.38,1128.9,Individual,1
796,Konya,Samsun,Air,930.66,1064.9,Individual,1
797,Antalya,Ankara,Road,531.69,1989.4,Individual,0
798,Kayseri,Samsun,Air,833.41,443.6,Individual,1
799,Konya,Ankara,Road,1777.49,553.3,Individual,1
800,Samsun,Gaziantep,Road,1649.53,271.4,Corporate,0
801,İstanbul,Ankara,Road,1261.93,1839.2,Individual,1
802,Konya,Ankara,Road,1716.95,1566.7,Corporate,1
803,Adana,Bursa,Road,1568.63,1653.6,Individual,1
804,Kayseri,Bursa,Road,860.82,1810.4,Corporate,1
805,Samsun,Konya,Road,406.12,1073.6,Individual,1
806,İstanbul,Bursa,Air,1030.83,929.8,Individual,1
807,Bursa,Ankara,Road,1473.78,694.3,Corporate,1
808,Samsun,Kayseri,Air,875.66,1199.0,Individual,1
809,Bursa,Konya,Sea,1335.21,935.8,Individual,1
810,Kayseri,Gaziantep,Road,193.18,930.6,Individual,1
811,İzmir,Ankara,Road,1497.27,1877.0,Individual,1
812,Samsun,Antalya,Road,1626.36,1968.9,Individual,0
813,Ankara,İstanbul,Road,1415.14,1603.1,Corporate,1
814,Bursa,Konya,Road,1934.69,1525.7,Individual,1
815,Adana,Gaziantep,Air,1654.17,1377.1,Individual,1
816,Ankara,Adana,Road,1806.67,373.8,Individual,1
817,Gaziantep,Antalya,Road,1867.47,165.3,Individual,0
818,Gaziantep,Adana,Air,1603.69,1396.9,Individual,1
819,İstanbul,Ankara,Road,1350.15,1471.1,Corporate,1
820,İzmir,İstanbul,Air,16.41,141.6,Individual,1
821,Kayseri,Konya,Road,934.32,1859.7,Corporate,1
822,Samsun,Konya,Road,1144.47,227.7,Individual,1
823,Antalya,Kayseri,Road,611.54,607.5,Individual,1
824,Adana,Kayseri,Road,639.62,1361.2,Individual,1
825,Bursa,Ankara,Sea,1922.51,381.3,Individual,1
826,Kayseri,Ankara,Road,1783.96,158.1,Individual,1
827,Ankara,İstanbul,Sea,1699.11,695.7,Individual,1
828,Gaziantep,Kayseri,Road,814.99,1543.6,Corporate,1
829,Adana,Gaziantep,Road,32.33,856.7,Individual,0
830,Antalya,Gaziantep,Road,165.04,1323.3,Corporate,1
831,Samsun,İstanbul,Road,627.83,1180.3,Individual,1
832,İstanbul,Gaziantep,Sea,36.41,93.3,Corporate,1
833,Antalya,Samsun,Road,39.21,1977.7,Corporate,1
834,Adana,Bursa,Road,1833.62,130.8,Individual,0
835,Antalya,İstanbul,Road,1413.79,1937.2,Corporate,1
836,Adana,İstanbul,Road,621.37,1122.2,Individual,1
837,Adana,İzmir,Road,269.63,1928.2,Corporate,1
838,Konya,Antalya,Road,1025.71,273.8,Individual,1
839,Bursa,Antalya,Air,15.67,1006.3,Individual,1
840,Gaziantep,Samsun,Road,1877.14,380.5,Corporate,1
841,Konya,Kayseri,Road,832.56,149.4,Individual,1
842,Samsun,Ankara,Road,807.66,1254.2,Individual,1
843,Konya,Ankara,Road,784.23,455.2,Corporate,1
844,İzmir,Adana,Sea,143.31,1196.0,Individual,1
845,İzmir,Samsun,Road,1278.45,269.1,Individual,1
846,Gaziantep,İstanbul,Road,1467.34,697.4,Individual,1
847,Antalya,Samsun,Air,1353.87,1574.2,Individual,1
848,Bursa,Samsun,Road,281.18,902.3,Corporate,1
849,Gaziantep,Samsun,Road,1159.79,1274.1,Individual,1
850,Adana,Antalya,Sea,1141.12,1312.5,Individual,1
851,Ankara,Samsun,Air,1737.48,1695.3,Individual,0
852,Bursa,Samsun,Sea,761.36,683.6,Corporate,0
853,Bursa,Ankara,Road,746.11,1390.2,Individual,1
854,Adana,Gaziantep,Road,1238.96,1925.2,Individual,1
855,Adana,Bursa,Road,1267.98,1474.0,Corporate,1
856,İstanbul,Adana,Road,941.22,1005.2,Individual,1
857,Gaziantep,İzmir,Air,888.9,1279.9,Individual,1
858,Adana,Ankara,Road,990.82,1492.4,Individual,1
859,İzmir,Ankara,Air,1722.79,1243.9,Individual,0
860,Samsun,Ankara,Air,925.03,82.5,Individual,1
861,Ankara,Samsun,Road,1880.16,429.8,Individual,1
862,Gaziantep,Konya,Road,1010.49,1630.4,Corporate,1
863,Kayseri,İzmir,Air,1898.66,581.7,Individual,1
864,İzmir,İstanbul,Road,1666.5,1476.5,Corporate,1
865,Antalya,Gaziantep,Air,728.05,775.6,Individual,1
866,Adana,Gaziantep,Road,1727.96,1067.7,Corporate,1
867,Kayseri,Konya,Road,224.58,182.5,Corporate,1
868,Adana,Samsun,Road,1850.47,403.4,Individual,1
869,Bursa,Antalya,Sea,1265.13,1916.5,Individual,1
870,İzmir,İstanbul,Road,113.51,1785.8,Individual,1
871,Bursa,Kayseri,Air,1290.29,1321.9,Corporate,1
872,İstanbul,Konya,Road,1948.62,946.3,Corporate,1
873,Bursa,Antalya,Air,144.25,1367.7,Individual,0
874,İstanbul,İzmir,Air,1111.6,1256.3,Individual,1
875,İstanbul,Samsun,Road,1496.85,1158.7,Individual,0
876,Kayseri,İstanbul,Road,1621.47,165.4,Corporate,0
877,Adana,İstanbul,Air,830.59,1284.0,Individual,1
878,Antalya,İstanbul,Road,412.31,1549.4,Individual,1
879,Bursa,İzmir,Air,89.47,1988.5,Individual,0
880,İzmir,Adana,Road,1161.55,71.6,Individual,1
881,İstanbul,Kayseri,Air,908.56,1473.8,Corporate,1
882,Adana,İzmir,Air,1897.75,1165.0,Individual,0
883,Ankara,Gaziantep,Sea,125.91,896.4,Individual,1
884,Gaziantep,Kayseri,Road,1372.36,298.8,Individual,1
885,Kayseri,Ankara,Road,54.81,847.7,Individual,1
886,Antalya,Samsun,Road,347.01,741.0,Individual,1
887,Konya,İzmir,Road,909.89,640.5,Corporate,1
888,Kayseri,Antalya,Road,912.47,1475.2,Corporate,1
889,Ankara,Kayseri,Road,1372.97,1416.4,Individual,1
890,Gaziantep,Bursa,Air,1820.88,1198.6,Individual,1
891,Ankara,İstanbul,Road,1279.87,1880.4,Corporate,1
892,Bursa,Adana,Road,1907.3,732.2,Individual,1
893,İstanbul,Antalya,Air,1763.82,525.4,Individual,1
894,Antalya,Kayseri,Road,1171.08,1329.0,Corporate,1
895,Samsun,Kayseri,Road,1668.41,437.7,Corporate,1
896,İstanbul,Antalya,Sea,1286.94,664.3,Corporate,1
897,Samsun,Ankara,Sea,161.72,488.0,Corporate,0
898,Gaziantep,Antalya,Road,1482.43,184.8,Corporate,1
899,Adana,Bursa,Road,194.34,1663.6,Individual,1
900,Konya,Gaziantep,Air,1190.2,546.4,Individual,1
901,İzmir,Adana,Road,1406.77,972.4,Individual,1
902,İstanbul,Ankara,Road,137.72,134.5,Individual,1
903,Antalya,Adana,Road,465.44,1413.7,Individual,1
904,Ankara,Konya,Road,1831.77,694.6,Individual,1
905,Antalya,Konya,Road,1234.55,1502.2,Individual,1
906,Gaziantep,Antalya,Road,496.34,854.2,Individual,1
907,Samsun,Kayseri,Air,1382.91,431.7,Individual,1
908,Ankara,Bursa,Sea,1195.57,1050.7,Individual,1
909,İzmir,Antalya,Road,1005.64,304.5,Individual,0
910,İzmir,Bursa,Air,1952.49,909.1,Corporate,1
911,İstanbul,Antalya,Air,1368.49,668.7,Individual,1
912,Gaziantep,Adana,Road,754.01,1828.3,Individual,1
913,Adana,İzmir,Road,1601.15,168.8,Corporate,0
914,Gaziantep,Ankara,Air,1769.74,1403.3,Individual,1
915,Samsun,Bursa,Road,254.82,406.4,Individual,0
916,Antalya,İstanbul,Air,405.1,672.1,Individual,1
917,İzmir,Bursa,Road,436.37,860.3,Individual,1
918,Antalya,İzmir,Sea,1383.97,1820.6,Corporate,1
919,Antalya,Gaziantep,Road,1208.06,523.0,Individual,1
920,Antalya,Kayseri,Road,1239.89,228.1,Individual,1
921,İzmir,Bursa,Air,1881.84,671.4,Individual,1
922,Kayseri,Ankara,Road,1552.94,254.1,Individual,1
923,Bursa,Ankara,Road,260.23,300.8,Individual,0
924,Samsun,İstanbul,Road,698.28,1169.0,Individual,1
925,Kayseri,Bursa,Road,873.61,168.8,Individual,0
926,Samsun,Kayseri,Road,794.94,110.3,Individual,1
927,Ankara,Samsun,Sea,1340.27,1443.1,Individual,1
928,Gaziantep,Konya,Road,1784.33,755.2,Individual,0
929,Gaziantep,Kayseri,Air,615.57,294.5,Individual,1
930,Konya,Ankara,Air,1105.99,544.5,Corporate,1
931,Gaziantep,Konya,Sea,1579.87,1302.1,Individual,1
932,İzmir,Gaziantep,Road,835.36,587.3,Individual,1
933,Adana,İstanbul,Air,340.4,1014.3,Individual,1
934,İstanbul,Kayseri,Road,952.53,287.3,Individual,1
935,Konya,Kayseri,Air,115.17,1196.8,Corporate,1
936,İstanbul,Gaziantep,Air,1885.05,666.4,Individual,0
937,Samsun,Bursa,Air,154.27,1272.6,Corporate,1
938,İstanbul,Bursa,Road,879.72,1626.4,Individual,0
939,İstanbul,Bursa,Air,1062.11,1242.7,Corporate,1
940,Konya,Adana,Road,1970.68,626.7,Individual,1
941,Ankara,Konya,Air,336.21,548.7,Corporate,1
942,Antalya,Adana,Sea,233.29,688.5,Individual,1
943,Gaziantep,İstanbul,Road,22.37,371.0,Individual,0
944,Gaziantep,Bursa,Sea,315.37,403.3,Individual,1
945,İzmir,Kayseri,Road,418.51,1591.8,Individual,1
946,Konya,İstanbul,Road,1263.01,800.2,Corporate,1
947,İzmir,Adana,Road,443.32,900.2,Individual,1
948,Adana,İzmir,Road,45.94,1208.4,Individual,0
949,Adana,Antalya,Air,1654.1,1199.8,Individual,0
950,İzmir,Adana,Road,734.36,181.4,Individual,1
951,Konya,Samsun,Road,710.62,1671.5,Individual,1
952,İzmir,Kayseri,Sea,608.45,395.8,Individual,1
953,Gaziantep,Samsun,Air,1950.87,1460.0,Individual,1
954,Kayseri,Ankara,Air,344.38,1556.7,Corporate,0
955,Bursa,Gaziantep,Air,1796.98,1444.1,Individual,1
956,İstanbul,Kayseri,Air,1554.72,1179.0,Individual,1
957,Bursa,Samsun,Road,157.58,78.5,Corporate,1
958,Konya,Kayseri,Road,1973.52,752.7,Individual,0
959,Bursa,Gaziantep,Air,546.38,1229.4,Individual,1
960,Adana,Gaziantep,Road,201.67,805.5,Individual,1
961,Samsun,İstanbul,Air,1659.48,1733.8,Individual,1
962,İstanbul,Kayseri,Road,1414.82,652.2,Individual,1
963,Antalya,Konya,Road,1236.35,622.4,Corporate,1
964,Konya,Bursa,Road,316.18,568.7,Individual,1
965,İstanbul,Ankara,Air,959.6,698.9,Individual,1
966,Bursa,Gaziantep,Road,1562.21,1136.9,Corporate,1
967,Adana,İzmir,Air,610.73,1428.7,Corporate,1
968,Ankara,Bursa,Road,626.82,1342.0,Individual,1
969,Kayseri,Konya,Road,11.27,1625.0,Individual,1
970,Antalya,Kayseri,Air,352.62,1777.5,Individual,1
971,Kayseri,Samsun,Air,1751.43,1641.4,Corporate,1
972,İstanbul,Ankara,Road,886.28,86.9,Corporate,1
973,Adana,İzmir,Air,1968.55,1485.0,Individual,0
974,Adana,Bursa,Road,794.44,456.4,Individual,1
975,Bursa,Kayseri,Road,1431.8,309.2,Individual,1
976,Gaziantep,İstanbul,Road,567.43,1295.1,Corporate,1
977,Bursa,Konya,Air,730.8,673.5,Individual,1
978,Gaziantep,Ankara,Air,385.5,161.4,Individual,1
979,Gaziantep,Antalya,Road,697.39,318.4,Corporate,1
980,Antalya,İstanbul,Air,1096.74,51.8,Individual,1
981,Bursa,İzmir,Road,1983.59,1811.3,Individual,1
982,Ankara,Bursa,Road,1330.08,98.0,Individual,1
983,İzmir,İstanbul,Road,402.5,458.4,Individual,1
984,İzmir,Konya,Road,94.7,861.7,Individual,1
985,Bursa,Antalya,Road,257.08,745.3,Individual,1
986,Bursa,İstanbul,Road,1127.3,1827.9,Individual,1
987,Kayseri,Adana,Air,1531.49,128.6,Corporate,1
988,Antalya,Konya,Road,1881.14,1048.8,Individual,0
989,Bursa,İzmir,Road,36.57,1376.9,Individual,1
990,Kayseri,Konya,Road,1047.91,1866.8,Individual,1
991,Gaziantep,Kayseri,Road,944.38,1259.7,Corporate,1
992,Adana,Samsun,Road,1313.83,1617.3,Corporate,0
993,Adana,Samsun,Air,1121.36,213.3,Individual,1
994,Gaziantep,Samsun,Road,1375.64,802.6,Individual,1
995,Konya,Ankara,Air,1317.87,779.2,Individual,0
996,Kayseri,İzmir,Air,238.44,1778.3,Individual,0
997,Kayseri,Konya,Road,1600.44,345.2,Individual,1
998,Gaziantep,Antalya,Air,250.85,346.2,Corporate,1
999,Ankara,Antalya,Road,1398.57,690.7,Corporate,1
1000,Samsun,İzmir,Air,835.21,156.2,Individual,1
